{
  "algorithm": "q_learning",
  "alpha": 0.1,
  "gamma": 0.9,
  "epsilon_start": 1.0,
  "epsilon_decay": 0.995,
  "epsilon_min": 0.01,
  "epsilon_final": 0.01,
  "num_episodes": 5000,
  "max_steps_per_episode": 50,
  "seed": 7,
  "action_order": [
    "UP",
    "RIGHT",
    "DOWN",
    "LEFT"
  ],
  "final": {
    "policy_matrix": [
      [
        0.0025,
        0.9924999999999999,
        0.0025,
        0.0025
      ],
      [
        0.0025,
        0.9924999999999999,
        0.0025,
        0.0025
      ],
      [
        0.0025,
        0.0025,
        0.9924999999999999,
        0.0025
      ],
      [
        0.0025,
        0.0025,
        0.9924999999999999,
        0.0025
      ],
      [
        0.0025,
        0.9924999999999999,
        0.0025,
        0.0025
      ],
      [
        0.0025,
        0.0025,
        0.9924999999999999,
        0.0025
      ],
      [
        0.0025,
        0.9924999999999999,
        0.0025,
        0.0025
      ],
      [
        0.0025,
        0.9924999999999999,
        0.0025,
        0.0025
      ],
      [
        0.9924999999999999,
        0.0025,
        0.0025,
        0.0025
      ]
    ],
    "Q": [
      [
        2.176972512798732,
        3.4540295178997136,
        2.6335443262505422,
        2.221986537050184
      ],
      [
        3.4197637077975362,
        5.207314106714734,
        4.088766920193643,
        2.6046361883620115
      ],
      [
        4.463672836079759,
        4.998732077946469,
        7.168691678364081,
        3.5171848937437673
      ],
      [
        2.1108270252632635,
        4.193004304335401,
        4.679555896337732,
        3.0188851545459734
      ],
      [
        3.9222766823221145,
        7.02559555151383,
        5.963237698580586,
        3.7278419981750672
      ],
      [
        5.4185929080594795,
        7.358063245570354,
        9.423765669878126,
        5.470087285614394
      ],
      [
        3.4177924444897148,
        6.4187308754643535,
        4.625665177201261,
        3.680401223820066
      ],
      [
        5.5854684731141795,
        8.947206587577131,
        6.656394688212642,
        5.157009366423098
      ],
      [
        0.0,
        0.0,
        0.0,
        0.0
      ]
    ],
    "state_scores": [
      3.4540295178997136,
      5.207314106714734,
      7.168691678364081,
      4.679555896337732,
      7.02559555151383,
      9.423765669878126,
      6.4187308754643535,
      8.947206587577131,
      0.0
    ]
  }
}