{
  "epsilon": 0.1,
  "action_order": [
    "UP",
    "RIGHT",
    "DOWN",
    "LEFT"
  ],
  "final": {
    "stable": true,
    "policy_matrix": [
      [
        0.025,
        0.47500000000000003,
        0.47500000000000003,
        0.025
      ],
      [
        0.025,
        0.025,
        0.925,
        0.025
      ],
      [
        0.025,
        0.025,
        0.925,
        0.025
      ],
      [
        0.025,
        0.925,
        0.025,
        0.025
      ],
      [
        0.025,
        0.47500000000000003,
        0.47500000000000003,
        0.025
      ],
      [
        0.025,
        0.025,
        0.925,
        0.025
      ],
      [
        0.025,
        0.925,
        0.025,
        0.025
      ],
      [
        0.025,
        0.925,
        0.025,
        0.025
      ],
      [
        0.25,
        0.25,
        0.25,
        0.25
      ]
    ],
    "V": [
      2.7102628395798676,
      4.352415664152152,
      6.219981950752425,
      4.352415664152152,
      6.458174461277853,
      8.927351534440454,
      6.219981950752424,
      8.927351534440454,
      0.0
    ],
    "Q": [
      [
        1.5870303098333862,
        2.769380343525431,
        2.7693803435254307,
        1.5870303098333862
      ],
      [
        2.9374613093194557,
        4.451340115830447,
        4.45360764324996,
        1.9243423557862052
      ],
      [
        4.429902789883157,
        4.841647018209105,
        6.37920889013854,
        3.4969992918569086
      ],
      [
        1.9243423557862052,
        4.453607643249961,
        4.451340115830446,
        2.9374613093194557
      ],
      [
        3.3289183260628836,
        6.622872152670462,
        6.622872152670463,
        3.328918326062884
      ],
      [
        4.863084344156393,
        7.0874914803648466,
        9.184697339614647,
        5.309683987687773
      ],
      [
        3.4969992918569086,
        6.37920889013854,
        4.841647018209104,
        4.4299027898831564
      ],
      [
        5.309683987687772,
        9.184697339614647,
        7.0874914803648466,
        4.863084344156394
      ],
      [
        0.0,
        0.0,
        0.0,
        0.0
      ]
    ],
    "transition_model": {
      "0": {
        "UP": [
          {
            "probability": 0.9,
            "next_state": 0,
            "reward": -1.0,
            "done": false
          },
          {
            "probability": 0.1,
            "next_state": 1,
            "reward": -1.0,
            "done": false
          }
        ],
        "RIGHT": [
          {
            "probability": 0.8,
            "next_state": 1,
            "reward": -1.0,
            "done": false
          },
          {
            "probability": 0.1,
            "next_state": 0,
            "reward": -1.0,
            "done": false
          },
          {
            "probability": 0.1,
            "next_state": 3,
            "reward": -1.0,
            "done": false
          }
        ],
        "DOWN": [
          {
            "probability": 0.8,
            "next_state": 3,
            "reward": -1.0,
            "done": false
          },
          {
            "probability": 0.1,
            "next_state": 1,
            "reward": -1.0,
            "done": false
          },
          {
            "probability": 0.1,
            "next_state": 0,
            "reward": -1.0,
            "done": false
          }
        ],
        "LEFT": [
          {
            "probability": 0.9,
            "next_state": 0,
            "reward": -1.0,
            "done": false
          },
          {
            "probability": 0.1,
            "next_state": 3,
            "reward": -1.0,
            "done": false
          }
        ]
      },
      "1": {
        "UP": [
          {
            "probability": 0.8,
            "next_state": 1,
            "reward": -1.0,
            "done": false
          },
          {
            "probability": 0.1,
            "next_state": 0,
            "reward": -1.0,
            "done": false
          },
          {
            "probability": 0.1,
            "next_state": 2,
            "reward": -1.0,
            "done": false
          }
        ],
        "RIGHT": [
          {
            "probability": 0.8,
            "next_state": 2,
            "reward": -1.0,
            "done": false
          },
          {
            "probability": 0.1,
            "next_state": 1,
            "reward": -1.0,
            "done": false
          },
          {
            "probability": 0.1,
            "next_state": 4,
            "reward": -1.0,
            "done": false
          }
        ],
        "DOWN": [
          {
            "probability": 0.8,
            "next_state": 4,
            "reward": -1.0,
            "done": false
          },
          {
            "probability": 0.1,
            "next_state": 2,
            "reward": -1.0,
            "done": false
          },
          {
            "probability": 0.1,
            "next_state": 0,
            "reward": -1.0,
            "done": false
          }
        ],
        "LEFT": [
          {
            "probability": 0.8,
            "next_state": 0,
            "reward": -1.0,
            "done": false
          },
          {
            "probability": 0.1,
            "next_state": 4,
            "reward": -1.0,
            "done": false
          },
          {
            "probability": 0.1,
            "next_state": 1,
            "reward": -1.0,
            "done": false
          }
        ]
      },
      "2": {
        "UP": [
          {
            "probability": 0.9,
            "next_state": 2,
            "reward": -1.0,
            "done": false
          },
          {
            "probability": 0.1,
            "next_state": 1,
            "reward": -1.0,
            "done": false
          }
        ],
        "RIGHT": [
          {
            "probability": 0.9,
            "next_state": 2,
            "reward": -1.0,
            "done": false
          },
          {
            "probability": 0.1,
            "next_state": 5,
            "reward": -1.0,
            "done": false
          }
        ],
        "DOWN": [
          {
            "probability": 0.8,
            "next_state": 5,
            "reward": -1.0,
            "done": false
          },
          {
            "probability": 0.1,
            "next_state": 2,
            "reward": -1.0,
            "done": false
          },
          {
            "probability": 0.1,
            "next_state": 1,
            "reward": -1.0,
            "done": false
          }
        ],
        "LEFT": [
          {
            "probability": 0.8,
            "next_state": 1,
            "reward": -1.0,
            "done": false
          },
          {
            "probability": 0.1,
            "next_state": 5,
            "reward": -1.0,
            "done": false
          },
          {
            "probability": 0.1,
            "next_state": 2,
            "reward": -1.0,
            "done": false
          }
        ]
      },
      "3": {
        "UP": [
          {
            "probability": 0.8,
            "next_state": 0,
            "reward": -1.0,
            "done": false
          },
          {
            "probability": 0.1,
            "next_state": 3,
            "reward": -1.0,
            "done": false
          },
          {
            "probability": 0.1,
            "next_state": 4,
            "reward": -1.0,
            "done": false
          }
        ],
        "RIGHT": [
          {
            "probability": 0.8,
            "next_state": 4,
            "reward": -1.0,
            "done": false
          },
          {
            "probability": 0.1,
            "next_state": 0,
            "reward": -1.0,
            "done": false
          },
          {
            "probability": 0.1,
            "next_state": 6,
            "reward": -1.0,