{"mean": [36789.4921875, 136967.8125, -23.629356384277344, 248.1816864013672, 442.70416259765625, 0.7641751170158386, 3.228955030441284, 2.82421875, 10417.572265625, 115.93872833251953, 0.7644744515419006, -18.017688751220703, -44.87478256225586, 14.918593406677246, 15.093770980834961, 7.961989402770996, 2022.5655517578125], "std": [2256.57177734375, 8924.3505859375, 6.158680438995361, 11.329408645629883, 32.339515686035156, 0.019298691302537918, 2.1386659145355225, 0.8983806371688843, 6533.099609375, 107.76004028320312, 0.03970257565379143, 5.21037483215332, 4.927413463592529, 6.150856971740723, 9.220086097717285, 1.2219985723495483, 1.2106099128723145], "target": "fpn", "y_mean": 11.97876262664795, "y_std": 3.3369266986846924}