{"mean": [36794.55078125, 81946.75, -23.610851287841797, 248.14144897460938, 328.134033203125, 0.764427125453949, 3.229966402053833, 2.821554183959961, 10386.607421875, 154.4990234375, 0.7644854187965393, -17.981569290161133, -44.82728958129883, 14.953950881958008, 15.06324577331543, 7.965843677520752, 2022.56982421875], "std": [2251.435546875, 53.22748565673828, 6.149930477142334, 11.504515647888184, 11.531275749206543, 0.018011244013905525, 2.139981746673584, 0.9018381834030151, 6514.29248046875, 122.51338195800781, 0.018356263637542725, 5.203618049621582, 4.918261528015137, 6.134645938873291, 9.200844764709473, 1.2213759422302246, 1.2082093954086304], "target": "fpn", "y_mean": 12.250672340393066, "y_std": 0.42597338557243347}